Periodo,Año,Mes,Entidad,Municipio,Homicidio doloso,Homicidio culposo,Feminicidio,Otros delitos que atentan contra la vida y la integridad corporal,Total
Abril 2024,2024,Abril,Chihuahua,Batopilas de Manuel Gómez Morín,1,0,0,0,1
Agosto 2024,2024,Agosto,Chihuahua,Batopilas de Manuel Gómez Morín,0,0,0,0,0
Diciembre 2024,2024,Diciembre,Chihuahua,Batopilas de Manuel Gómez Morín,0,0,0,0,0
Enero 2024,2024,Enero,Chihuahua,Batopilas de Manuel Gómez Morín,1,0,0,0,1
Febrero 2024,2024,Febrero,Chihuahua,Batopilas de Manuel Gómez Morín,0,0,0,0,0
Julio 2024,2024,Julio,Chihuahua,Batopilas de Manuel Gómez Morín,0,0,0,0,0
Junio 2024,2024,Junio,Chihuahua,Batopilas de Manuel Gómez Morín,0,0,0,0,0
Marzo 2024,2024,Marzo,Chihuahua,Batopilas de Manuel Gómez Morín,0,0,0,0,0
Mayo 2024,2024,Mayo,Chihuahua,Batopilas de Manuel Gómez Morín,0,0,0,1,1
Noviembre 2024,2024,Noviembre,Chihuahua,Batopilas de Manuel Gómez Morín,1,0,0,0,1
Octubre 2024,2024,Octubre,Chihuahua,Batopilas de Manuel Gómez Morín,0,0,0,0,0
Septiembre 2024,2024,Septiembre,Chihuahua,Batopilas de Manuel Gómez Morín,3,0,0,0,3
Abril 2025,2025,Abril,Chihuahua,Batopilas de Manuel Gómez Morín,0,0,0,0,0
Enero 2025,2025,Enero,Chihuahua,Batopilas de Manuel Gómez Morín,0,0,0,0,0
Febrero 2025,2025,Febrero,Chihuahua,Batopilas de Manuel Gómez Morín,1,0,0,0,1
Julio 2025,2025,Julio,Chihuahua,Batopilas de Manuel Gómez Morín,0,0,0,0,0
Junio 2025,2025,Junio,Chihuahua,Batopilas de Manuel Gómez Morín,1,0,0,0,1
Marzo 2025,2025,Marzo,Chihuahua,Batopilas de Manuel Gómez Morín,0,0,0,0,0
Mayo 2025,2025,Mayo,Chihuahua,Batopilas de Manuel Gómez Morín,0,0,0,0,0
Abril 2024,2024,Abril,Chihuahua,Chínipas,0,0,0,0,0
Agosto 2024,2024,Agosto,Chihuahua,Chínipas,0,0,0,0,0
Diciembre 2024,2024,Diciembre,Chihuahua,Chínipas,0,0,0,0,0
Enero 2024,2024,Enero,Chihuahua,Chínipas,0,0,0,0,0
Febrero 2024,2024,Febrero,Chihuahua,Chínipas,0,0,0,0,0
Julio 2024,2024,Julio,Chihuahua,Chínipas,0,0,0,0,0
Junio 2024,2024,Junio,Chihuahua,Chínipas,0,0,0,0,0
Marzo 2024,2024,Marzo,Chihuahua,Chínipas,0,0,0,0,0
Mayo 2024,2024,Mayo,Chihuahua,Chínipas,0,0,0,0,0
Noviembre 2024,2024,Noviembre,Chihuahua,Chínipas,0,0,0,0,0
Octubre 2024,2024,Octubre,Chihuahua,Chínipas,0,0,0,0,0
Septiembre 2024,2024,Septiembre,Chihuahua,Chínipas,0,0,0,0,0
Abril 2025,2025,Abril,Chihuahua,Chínipas,0,0,0,0,0
Enero 2025,2025,Enero,Chihuahua,Chínipas,0,0,0,0,0
Febrero 2025,2025,Febrero,Chihuahua,Chínipas,0,0,0,0,0
Julio 2025,2025,Julio,Chihuahua,Chínipas,0,0,0,0,0
Junio 2025,2025,Junio,Chihuahua,Chínipas,0,0,0,1,1
Marzo 2025,2025,Marzo,Chihuahua,Chínipas,0,0,0,0,0
Mayo 2025,2025,Mayo,Chihuahua,Chínipas,0,0,0,0,0
Abril 2024,2024,Abril,Chihuahua,Guadalupe y Calvo,2,1,0,0,3
Agosto 2024,2024,Agosto,Chihuahua,Guadalupe y Calvo,3,0,0,0,3
Diciembre 2024,2024,Diciembre,Chihuahua,Guadalupe y Calvo,5,0,0,0,5
Enero 2024,2024,Enero,Chihuahua,Guadalupe y Calvo,4,0,0,0,4
Febrero 2024,2024,Febrero,Chihuahua,Guadalupe y Calvo,7,0,0,0,7
Julio 2024,2024,Julio,Chihuahua,Guadalupe y Calvo,7,1,0,0,8
Junio 2024,2024,Junio,Chihuahua,Guadalupe y Calvo,5,0,0,0,5
Marzo 2024,2024,Marzo,Chihuahua,Guadalupe y Calvo,4,1,0,0,5
Mayo 2024,2024,Mayo,Chihuahua,Guadalupe y Calvo,10,1,0,0,11
Noviembre 2024,2024,Noviembre,Chihuahua,Guadalupe y Calvo,3,0,0,0,3
Octubre 2024,2024,Octubre,Chihuahua,Guadalupe y Calvo,5,1,0,0,6
Septiembre 2024,2024,Septiembre,Chihuahua,Guadalupe y Calvo,4,0,0,1,5
Abril 2025,2025,Abril,Chihuahua,Guadalupe y Calvo,1,0,0,0,1
Enero 2025,2025,Enero,Chihuahua,Guadalupe y Calvo,8,1,0,2,11
Febrero 2025,2025,Febrero,Chihuahua,Guadalupe y Calvo,5,0,0,1,6
Julio 2025,2025,Julio,Chihuahua,Guadalupe y Calvo,8,0,0,2,10
Junio 2025,2025,Junio,Chihuahua,Guadalupe y Calvo,4,1,0,0,5
Marzo 2025,2025,Marzo,Chihuahua,Guadalupe y Calvo,2,0,0,0,2
Mayo 2025,2025,Mayo,Chihuahua,Guadalupe y Calvo,3,0,1,0,4
Abril 2024,2024,Abril,Chihuahua,Guazapares,0,0,0,0,0
Agosto 2024,2024,Agosto,Chihuahua,Guazapares,0,0,0,0,0
Diciembre 2024,2024,Diciembre,Chihuahua,Guazapares,0,0,0,0,0
Enero 2024,2024,Enero,Chihuahua,Guazapares,0,0,0,0,0
Febrero 2024,2024,Febrero,Chihuahua,Guazapares,0,0,0,0,0
Julio 2024,2024,Julio,Chihuahua,Guazapares,1,0,0,0,1
Junio 2024,2024,Junio,Chihuahua,Guazapares,2,0,0,0,2
Marzo 2024,2024,Marzo,Chihuahua,Guazapares,0,0,0,0,0
Mayo 2024,2024,Mayo,Chihuahua,Guazapares,1,1,0,0,2
Noviembre 2024,2024,Noviembre,Chihuahua,Guazapares,0,0,0,0,0
Octubre 2024,2024,Octubre,Chihuahua,Guazapares,1,0,0,0,1
Septiembre 2024,2024,Septiembre,Chihuahua,Guazapares,1,0,0,0,1
Abril 2025,2025,Abril,Chihuahua,Guazapares,0,0,0,0,0
Enero 2025,2025,Enero,Chihuahua,Guazapares,0,0,0,0,0
Febrero 2025,2025,Febrero,Chihuahua,Guazapares,0,0,0,0,0
Julio 2025,2025,Julio,Chihuahua,Guazapares,0,0,0,0,0
Junio 2025,2025,Junio,Chihuahua,Guazapares,1,0,0,0,1
Marzo 2025,2025,Marzo,Chihuahua,Guazapares,0,0,0,0,0
Mayo 2025,2025,Mayo,Chihuahua,Guazapares,0,0,0,0,0
Abril 2024,2024,Abril,Chihuahua,Morelos,1,1,0,0,2
Agosto 2024,2024,Agosto,Chihuahua,Morelos,0,0,0,1,1
Diciembre 2024,2024,Diciembre,Chihuahua,Morelos,0,2,0,0,2
Enero 2024,2024,Enero,Chihuahua,Morelos,0,1,0,1,2
Febrero 2024,2024,Febrero,Chihuahua,Morelos,0,1,0,0,1
Julio 2024,2024,Julio,Chihuahua,Morelos,0,1,0,0,1
Junio 2024,2024,Junio,Chihuahua,Morelos,0,1,0,0,1
Marzo 2024,2024,Marzo,Chihuahua,Morelos,2,2,0,1,5
Mayo 2024,2024,Mayo,Chihuahua,Morelos,2,1,0,3,6
Noviembre 2024,2024,Noviembre,Chihuahua,Morelos,0,1,0,0,1
Octubre 2024,2024,Octubre,Chihuahua,Morelos,0,2,0,0,2
Septiembre 2024,2024,Septiembre,Chihuahua,Morelos,0,1,0,0,1
Abril 2025,2025,Abril,Chihuahua,Morelos,0,2,0,0,2
Enero 2025,2025,Enero,Chihuahua,Morelos,0,1,0,1,2
Febrero 2025,2025,Febrero,Chihuahua,Morelos,0,1,0,0,1
Julio 2025,2025,Julio,Chihuahua,Morelos,0,1,1,1,3
Junio 2025,2025,Junio,Chihuahua,Morelos,0,1,0,0,1
Marzo 2025,2025,Marzo,Chihuahua,Morelos,0,0,0,0,0
Mayo 2025,2025,Mayo,Chihuahua,Morelos,0,3,0,3,6
Abril 2024,2024,Abril,Chihuahua,Urique,1,0,0,0,1
Agosto 2024,2024,Agosto,Chihuahua,Urique,0,0,1,0,1
Diciembre 2024,2024,Diciembre,Chihuahua,Urique,1,0,0,2,3
Enero 2024,2024,Enero,Chihuahua,Urique,0,0,0,0,0
Febrero 2024,2024,Febrero,Chihuahua,Urique,1,0,0,0,1
Julio 2024,2024,Julio,Chihuahua,Urique,0,0,0,0,0
Junio 2024,2024,Junio,Chihuahua,Urique,1,0,0,0,1
Marzo 2024,2024,Marzo,Chihuahua,Urique,1,0,1,0,2
Mayo 2024,2024,Mayo,Chihuahua,Urique,0,0,0,0,0
Noviembre 2024,2024,Noviembre,Chihuahua,Urique,2,0,0,0,2
Octubre 2024,2024,Octubre,Chihuahua,Urique,0,0,0,0,0
Septiembre 2024,2024,Septiembre,Chihuahua,Urique,0,0,0,0,0
Abril 2025,2025,Abril,Chihuahua,Urique,0,0,0,0,0
Enero 2025,2025,Enero,Chihuahua,Urique,1,0,0,0,1
Febrero 2025,2025,Febrero,Chihuahua,Urique,1,0,0,0,1
Julio 2025,2025,Julio,Chihuahua,Urique,0,0,0,0,0
Junio 2025,2025,Junio,Chihuahua,Urique,0,0,0,0,0
Marzo 2025,2025,Marzo,Chihuahua,Urique,1,1,0,0,2
Mayo 2025,2025,Mayo,Chihuahua,Urique,2,0,0,0,2
Abril 2024,2024,Abril,Durango,Pueblo Nuevo,0,1,0,0,1
Agosto 2024,2024,Agosto,Durango,Pueblo Nuevo,3,1,0,0,4
Diciembre 2024,2024,Diciembre,Durango,Pueblo Nuevo,0,1,0,0,1
Enero 2024,2024,Enero,Durango,Pueblo Nuevo,1,0,0,0,1
Febrero 2024,2024,Febrero,Durango,Pueblo Nuevo,2,0,0,0,2
Julio 2024,2024,Julio,Durango,Pueblo Nuevo,0,1,0,0,1
Junio 2024,2024,Junio,Durango,Pueblo Nuevo,1,0,0,0,1
Marzo 2024,2024,Marzo,Durango,Pueblo Nuevo,1,2,0,0,3
Mayo 2024,2024,Mayo,Durango,Pueblo Nuevo,0,0,0,0,0
Noviembre 2024,2024,Noviembre,Durango,Pueblo Nuevo,1,4,0,0,5
Octubre 2024,2024,Octubre,Durango,Pueblo Nuevo,0,0,0,0,0
Septiembre 2024,2024,Septiembre,Durango,Pueblo Nuevo,1,0,0,0,1
Abril 2025,2025,Abril,Durango,Pueblo Nuevo,1,0,0,0,1
Enero 2025,2025,Enero,Durango,Pueblo Nuevo,0,2,0,0,2
Febrero 2025,2025,Febrero,Durango,Pueblo Nuevo,0,0,0,0,0
Julio 2025,2025,Julio,Durango,Pueblo Nuevo,1,0,0,0,1
Junio 2025,2025,Junio,Durango,Pueblo Nuevo,2,2,0,0,4
Marzo 2025,2025,Marzo,Durango,Pueblo Nuevo,2,0,0,0,2
Mayo 2025,2025,Mayo,Durango,Pueblo Nuevo,0,1,0,0,1
Abril 2024,2024,Abril,Durango,San Dimas,0,0,0,0,0
Agosto 2024,2024,Agosto,Durango,San Dimas,1,0,0,0,1
Diciembre 2024,2024,Diciembre,Durango,San Dimas,0,0,0,0,0
Enero 2024,2024,Enero,Durango,San Dimas,0,0,0,0,0
Febrero 2024,2024,Febrero,Durango,San Dimas,0,0,0,0,0
Julio 2024,2024,Julio,Durango,San Dimas,0,0,0,0,0
Junio 2024,2024,Junio,Durango,San Dimas,0,0,0,0,0
Marzo 2024,2024,Marzo,Durango,San Dimas,0,0,0,0,0
Mayo 2024,2024,Mayo,Durango,San Dimas,1,0,0,0,1
Noviembre 2024,2024,Noviembre,Durango,San Dimas,0,0,0,0,0
Octubre 2024,2024,Octubre,Durango,San Dimas,0,0,0,0,0
Septiembre 2024,2024,Septiembre,Durango,San Dimas,0,0,0,0,0
Abril 2025,2025,Abril,Durango,San Dimas,1,0,0,0,1
Enero 2025,2025,Enero,Durango,San Dimas,0,0,0,0,0
Febrero 2025,2025,Febrero,Durango,San Dimas,0,0,0,0,0
Julio 2025,2025,Julio,Durango,San Dimas,0,0,0,0,0
Junio 2025,2025,Junio,Durango,San Dimas,0,0,0,0,0
Marzo 2025,2025,Marzo,Durango,San Dimas,0,0,0,0,0
Mayo 2025,2025,Mayo,Durango,San Dimas,0,1,0,1,2
Abril 2024,2024,Abril,Durango,Tamazula,0,0,0,0,0
Agosto 2024,2024,Agosto,Durango,Tamazula,1,0,0,0,1
Diciembre 2024,2024,Diciembre,Durango,Tamazula,0,0,0,0,0
Enero 2024,2024,Enero,Durango,Tamazula,0,0,0,0,0
Febrero 2024,2024,Febrero,Durango,Tamazula,0,0,0,0,0
Julio 2024,2024,Julio,Durango,Tamazula,0,0,0,0,0
Junio 2024,2024,Junio,Durango,Tamazula,0,0,0,0,0
Marzo 2024,2024,Marzo,Durango,Tamazula,0,0,0,0,0
Mayo 2024,2024,Mayo,Durango,Tamazula,0,0,0,0,0
Noviembre 2024,2024,Noviembre,Durango,Tamazula,0,0,0,0,0
Octubre 2024,2024,Octubre,Durango,Tamazula,1,0,0,0,1
Septiembre 2024,2024,Septiembre,Durango,Tamazula,1,0,0,0,1
Abril 2025,2025,Abril,Durango,Tamazula,0,0,0,0,0
Enero 2025,2025,Enero,Durango,Tamazula,0,0,0,0,0
Febrero 2025,2025,Febrero,Durango,Tamazula,1,0,0,0,1
Julio 2025,2025,Julio,Durango,Tamazula,0,0,0,0,0
Junio 2025,2025,Junio,Durango,Tamazula,1,0,0,0,1
Marzo 2025,2025,Marzo,Durango,Tamazula,0,0,0,0,0
Mayo 2025,2025,Mayo,Durango,Tamazula,1,0,0,0,1
Abril 2024,2024,Abril,Nayarit,Acaponeta,0,0,0,0,0
Agosto 2024,2024,Agosto,Nayarit,Acaponeta,0,1,0,0,1
Diciembre 2024,2024,Diciembre,Nayarit,Acaponeta,0,2,0,0,2
Enero 2024,2024,Enero,Nayarit,Acaponeta,1,1,0,0,2
Febrero 2024,2024,Febrero,Nayarit,Acaponeta,1,1,0,0,2
Julio 2024,2024,Julio,Nayarit,Acaponeta,0,0,0,0,0
Junio 2024,2024,Junio,Nayarit,Acaponeta,0,0,0,0,0
Marzo 2024,2024,Marzo,Nayarit,Acaponeta,0,0,0,0,0
Mayo 2024,2024,Mayo,Nayarit,Acaponeta,1,0,0,0,1
Noviembre 2024,2024,Noviembre,Nayarit,Acaponeta,1,0,0,0,1
Octubre 2024,2024,Octubre,Nayarit,Acaponeta,2,4,0,0,6
Septiembre 2024,2024,Septiembre,Nayarit,Acaponeta,0,0,0,0,0
Abril 2025,2025,Abril,Nayarit,Acaponeta,2,0,0,0,2
Enero 2025,2025,Enero,Nayarit,Acaponeta,1,0,0,0,1
Febrero 2025,2025,Febrero,Nayarit,Acaponeta,0,0,0,0,0
Julio 2025,2025,Julio,Nayarit,Acaponeta,2,0,0,0,2
Junio 2025,2025,Junio,Nayarit,Acaponeta,1,1,0,0,2
Marzo 2025,2025,Marzo,Nayarit,Acaponeta,1,0,0,0,1
Mayo 2025,2025,Mayo,Nayarit,Acaponeta,2,1,0,0,3
Abril 2024,2024,Abril,Nayarit,Huajicori,0,0,0,0,0
Agosto 2024,2024,Agosto,Nayarit,Huajicori,2,0,0,1,3
Diciembre 2024,2024,Diciembre,Nayarit,Huajicori,7,0,0,0,7
Enero 2024,2024,Enero,Nayarit,Huajicori,1,0,0,0,1
Febrero 2024,2024,Febrero,Nayarit,Huajicori,2,0,0,0,2
Julio 2024,2024,Julio,Nayarit,Huajicori,3,0,0,0,3
Junio 2024,2024,Junio,Nayarit,Huajicori,4,1,0,0,5
Marzo 2024,2024,Marzo,Nayarit,Huajicori,2,0,0,0,2
Mayo 2024,2024,Mayo,Nayarit,Huajicori,1,0,0,0,1
Noviembre 2024,2024,Noviembre,Nayarit,Huajicori,9,0,0,0,9
Octubre 2024,2024,Octubre,Nayarit,Huajicori,1,1,0,0,2
Septiembre 2024,2024,Septiembre,Nayarit,Huajicori,4,0,0,1,5
Abril 2025,2025,Abril,Nayarit,Huajicori,0,0,0,0,0
Enero 2025,2025,Enero,Nayarit,Huajicori,3,0,1,0,4
Febrero 2025,2025,Febrero,Nayarit,Huajicori,3,0,0,0,3
Julio 2025,2025,Julio,Nayarit,Huajicori,2,0,0,0,2
Junio 2025,2025,Junio,Nayarit,Huajicori,2,0,0,0,2
Marzo 2025,2025,Marzo,Nayarit,Huajicori,0,0,0,0,0
Mayo 2025,2025,Mayo,Nayarit,Huajicori,0,0,0,0,0
Abril 2024,2024,Abril,Nayarit,Tecuala,1,5,0,0,6
Agosto 2024,2024,Agosto,Nayarit,Tecuala,1,2,0,0,3
Diciembre 2024,2024,Diciembre,Nayarit,Tecuala,0,1,0,0,1
Enero 2024,2024,Enero,Nayarit,Tecuala,0,0,0,0,0
Febrero 2024,2024,Febrero,Nayarit,Tecuala,1,2,0,0,3
Julio 2024,2024,Julio,Nayarit,Tecuala,0,0,0,0,0
Junio 2024,2024,Junio,Nayarit,Tecuala,1,0,0,0,1
Marzo 2024,2024,Marzo,Nayarit,Tecuala,0,2,0,0,2
Mayo 2024,2024,Mayo,Nayarit,Tecuala,0,3,0,0,3
Noviembre 2024,2024,Noviembre,Nayarit,Tecuala,1,0,0,0,1
Octubre 2024,2024,Octubre,Nayarit,Tecuala,0,1,0,0,1
Septiembre 2024,2024,Septiembre,Nayarit,Tecuala,1,0,0,0,1
Abril 2025,2025,Abril,Nayarit,Tecuala,1,0,0,0,1
Enero 2025,2025,Enero,Nayarit,Tecuala,0,1,0,1,2
Febrero 2025,2025,Febrero,Nayarit,Tecuala,1,1,0,1,3
Julio 2025,2025,Julio,Nayarit,Tecuala,1,0,0,1,2
Junio 2025,2025,Junio,Nayarit,Tecuala,0,1,0,0,1
Marzo 2025,2025,Marzo,Nayarit,Tecuala,2,1,0,0,3
Mayo 2025,2025,Mayo,Nayarit,Tecuala,0,0,0,0,0
Abril 2024,2024,Abril,Sonora,Bácum,1,1,0,0,2
Agosto 2024,2024,Agosto,Sonora,Bácum,0,1,0,0,1
Diciembre 2024,2024,Diciembre,Sonora,Bácum,2,0,0,0,2
Enero 2024,2024,Enero,Sonora,Bácum,0,0,0,0,0
Febrero 2024,2024,Febrero,Sonora,Bácum,0,1,0,0,1
Julio 2024,2024,Julio,Sonora,Bácum,1,1,0,0,2
Junio 2024,2024,Junio,Sonora,Bácum,1,0,0,0,1
Marzo 2024,2024,Marzo,Sonora,Bácum,0,1,0,0,1
Mayo 2024,2024,Mayo,Sonora,Bácum,1,0,0,1,2
Noviembre 2024,2024,Noviembre,Sonora,Bácum,0,0,0,0,0
Octubre 2024,2024,Octubre,Sonora,Bácum,0,0,0,0,0
Septiembre 2024,2024,Septiembre,Sonora,Bácum,0,0,0,0,0
Abril 2025,2025,Abril,Sonora,Bácum,2,0,0,2,4
Enero 2025,2025,Enero,Sonora,Bácum,3,2,0,7,12
Febrero 2025,2025,Febrero,Sonora,Bácum,2,0,0,0,2
Julio 2025,2025,Julio,Sonora,Bácum,0,0,0,1,1
Junio 2025,2025,Junio,Sonora,Bácum,0,0,0,0,0
Marzo 2025,2025,Marzo,Sonora,Bácum,1,0,0,1,2
Mayo 2025,2025,Mayo,Sonora,Bácum,0,0,0,0,0
Abril 2024,2024,Abril,Sonora,Cajeme,25,4,0,11,40
Agosto 2024,2024,Agosto,Sonora,Cajeme,19,5,0,13,37
Diciembre 2024,2024,Diciembre,Sonora,Cajeme,34,4,0,19,57
Enero 2024,2024,Enero,Sonora,Cajeme,22,1,0,11,34
Febrero 2024,2024,Febrero,Sonora,Cajeme,29,6,0,11,46
Julio 2024,2024,Julio,Sonora,Cajeme,20,3,0,12,35
Junio 2024,2024,Junio,Sonora,Cajeme,42,4,0,12,58
Marzo 2024,2024,Marzo,Sonora,Cajeme,21,1,0,11,33
Mayo 2024,2024,Mayo,Sonora,Cajeme,13,6,0,17,36
Noviembre 2024,2024,Noviembre,Sonora,Cajeme,38,3,0,20,61
Octubre 2024,2024,Octubre,Sonora,Cajeme,40,1,0,18,59
Septiembre 2024,2024,Septiembre,Sonora,Cajeme,21,6,0,0,27
Abril 2025,2025,Abril,Sonora,Cajeme,24,9,0,12,45
Enero 2025,2025,Enero,Sonora,Cajeme,32,6,0,13,51
Febrero 2025,2025,Febrero,Sonora,Cajeme,26,4,0,21,51
Julio 2025,2025,Julio,Sonora,Cajeme,33,3,0,24,60
Junio 2025,2025,Junio,Sonora,Cajeme,43,4,0,27,74
Marzo 2025,2025,Marzo,Sonora,Cajeme,34,5,0,25,64
Mayo 2025,2025,Mayo,Sonora,Cajeme,29,4,0,26,59
Abril 2024,2024,Abril,Sonora,Empalme,1,1,0,0,2
Agosto 2024,2024,Agosto,Sonora,Empalme,1,1,0,0,2
Diciembre 2024,2024,Diciembre,Sonora,Empalme,1,1,0,0,2
Enero 2024,2024,Enero,Sonora,Empalme,1,4,0,0,5
Febrero 2024,2024,Febrero,Sonora,Empalme,0,1,0,0,1
Julio 2024,2024,Julio,Sonora,Empalme,0,2,0,0,2
Junio 2024,2024,Junio,Sonora,Empalme,0,1,0,0,1
Marzo 2024,2024,Marzo,Sonora,Empalme,0,3,0,0,3
Mayo 2024,2024,Mayo,Sonora,Empalme,0,2,0,0,2
Noviembre 2024,2024,Noviembre,Sonora,Empalme,1,2,0,1,4
Octubre 2024,2024,Octubre,Sonora,Empalme,0,0,0,0,0
Septiembre 2024,2024,Septiembre,Sonora,Empalme,0,0,0,0,0
Abril 2025,2025,Abril,Sonora,Empalme,0,0,0,0,0
Enero 2025,2025,Enero,Sonora,Empalme,1,0,0,0,1
Febrero 2025,2025,Febrero,Sonora,Empalme,1,1,0,0,2
Julio 2025,2025,Julio,Sonora,Empalme,2,1,0,0,3
Junio 2025,2025,Junio,Sonora,Empalme,0,0,0,0,0
Marzo 2025,2025,Marzo,Sonora,Empalme,0,2,0,0,2
Mayo 2025,2025,Mayo,Sonora,Empalme,0,0,0,1,1
Abril 2024,2024,Abril,Sonora,Etchojoa,0,1,0,0,1
Agosto 2024,2024,Agosto,Sonora,Etchojoa,1,0,0,0,1
Diciembre 2024,2024,Diciembre,Sonora,Etchojoa,0,1,0,0,1
Enero 2024,2024,Enero,Sonora,Etchojoa,1,2,0,0,3
Febrero 2024,2024,Febrero,Sonora,Etchojoa,0,0,0,0,0
Julio 2024,2024,Julio,Sonora,Etchojoa,2,2,0,0,4
Junio 2024,2024,Junio,Sonora,Etchojoa,0,0,0,0,0
Marzo 2024,2024,Marzo,Sonora,Etchojoa,0,1,0,0,1
Mayo 2024,2024,Mayo,Sonora,Etchojoa,1,0,0,0,1
Noviembre 2024,2024,Noviembre,Sonora,Etchojoa,1,1,0,0,2
Octubre 2024,2024,Octubre,Sonora,Etchojoa,0,0,0,0,0
Septiembre 2024,2024,Septiembre,Sonora,Etchojoa,0,0,0,0,0
Abril 2025,2025,Abril,Sonora,Etchojoa,0,0,0,0,0
Enero 2025,2025,Enero,Sonora,Etchojoa,0,2,0,0,2
Febrero 2025,2025,Febrero,Sonora,Etchojoa,0,0,0,0,0
Julio 2025,2025,Julio,Sonora,Etchojoa,0,0,0,0,0
Junio 2025,2025,Junio,Sonora,Etchojoa,1,1,0,0,2
Marzo 2025,2025,Marzo,Sonora,Etchojoa,0,0,0,0,0
Mayo 2025,2025,Mayo,Sonora,Etchojoa,1,1,0,0,2
Abril 2024,2024,Abril,Sonora,Guaymas,7,2,0,1,10
Agosto 2024,2024,Agosto,Sonora,Guaymas,2,3,0,0,5
Diciembre 2024,2024,Diciembre,Sonora,Guaymas,1,2,0,3,6
Enero 2024,2024,Enero,Sonora,Guaymas,12,1,0,2,15
Febrero 2024,2024,Febrero,Sonora,Guaymas,8,4,0,0,12
Julio 2024,2024,Julio,Sonora,Guaymas,5,0,0,3,8
Junio 2024,2024,Junio,Sonora,Guaymas,2,0,0,3,5
Marzo 2024,2024,Marzo,Sonora,Guaymas,6,3,0,4,13
Mayo 2024,2024,Mayo,Sonora,Guaymas,8,0,0,1,9
Noviembre 2024,2024,Noviembre,Sonora,Guaymas,6,6,0,0,12
Octubre 2024,2024,Octubre,Sonora,Guaymas,3,0,0,1,4
Septiembre 2024,2024,Septiembre,Sonora,Guaymas,3,3,0,2,8
Abril 2025,2025,Abril,Sonora,Guaymas,0,1,0,0,1
Enero 2025,2025,Enero,Sonora,Guaymas,0,3,0,0,3
Febrero 2025,2025,Febrero,Sonora,Guaymas,4,2,0,0,6
Julio 2025,2025,Julio,Sonora,Guaymas,2,2,0,1,5
Junio 2025,2025,Junio,Sonora,Guaymas,0,2,0,0,2
Marzo 2025,2025,Marzo,Sonora,Guaymas,3,1,0,1,5
Mayo 2025,2025,Mayo,Sonora,Guaymas,0,0,0,0,0
Abril 2024,2024,Abril,Sonora,Huatabampo,1,0,0,0,1
Agosto 2024,2024,Agosto,Sonora,Huatabampo,0,0,0,0,0
Diciembre 2024,2024,Diciembre,Sonora,Huatabampo,0,0,0,0,0
Enero 2024,2024,Enero,Sonora,Huatabampo,0,1,0,0,1
Febrero 2024,2024,Febrero,Sonora,Huatabampo,0,0,0,0,0
Julio 2024,2024,Julio,Sonora,Huatabampo,2,1,0,0,3
Junio 2024,2024,Junio,Sonora,Huatabampo,0,0,0,1,1
Marzo 2024,2024,Marzo,Sonora,Huatabampo,0,0,0,0,0
Mayo 2024,2024,Mayo,Sonora,Huatabampo,0,0,0,0,0
Noviembre 2024,2024,Noviembre,Sonora,Huatabampo,1,3,0,0,4
Octubre 2024,2024,Octubre,Sonora,Huatabampo,0,0,0,0,0
Septiembre 2024,2024,Septiembre,Sonora,Huatabampo,1,0,0,0,1
Abril 2025,2025,Abril,Sonora,Huatabampo,0,1,0,0,1
Enero 2025,2025,Enero,Sonora,Huatabampo,0,0,0,0,0
Febrero 2025,2025,Febrero,Sonora,Huatabampo,0,1,0,0,1
Julio 2025,2025,Julio,Sonora,Huatabampo,0,0,0,0,0
Junio 2025,2025,Junio,Sonora,Huatabampo,0,0,0,0,0
Marzo 2025,2025,Marzo,Sonora,Huatabampo,0,0,0,0,0
Mayo 2025,2025,Mayo,Sonora,Huatabampo,0,1,0,0,1
Abril 2024,2024,Abril,Sonora,Navojoa,0,3,0,2,5
Agosto 2024,2024,Agosto,Sonora,Navojoa,0,5,0,0,5
Diciembre 2024,2024,Diciembre,Sonora,Navojoa,0,0,0,0,0
Enero 2024,2024,Enero,Sonora,Navojoa,1,3,0,0,4
Febrero 2024,2024,Febrero,Sonora,Navojoa,0,6,0,0,6
Julio 2024,2024,Julio,Sonora,Navojoa,0,5,0,1,6
Junio 2024,2024,Junio,Sonora,Navojoa,0,2,0,1,3
Marzo 2024,2024,Marzo,Sonora,Navojoa,4,2,0,1,7
Mayo 2024,2024,Mayo,Sonora,Navojoa,2,6,0,0,8
Noviembre 2024,2024,Noviembre,Sonora,Navojoa,1,1,0,1,3
Octubre 2024,2024,Octubre,Sonora,Navojoa,1,0,0,1,2
Septiembre 2024,2024,Septiembre,Sonora,Navojoa,0,2,1,2,5
Abril 2025,2025,Abril,Sonora,Navojoa,1,0,0,2,3
Enero 2025,2025,Enero,Sonora,Navojoa,3,1,0,0,4
Febrero 2025,2025,Febrero,Sonora,Navojoa,1,0,0,2,3
Julio 2025,2025,Julio,Sonora,Navojoa,0,0,0,0,0
Junio 2025,2025,Junio,Sonora,Navojoa,1,1,0,1,3
Marzo 2025,2025,Marzo,Sonora,Navojoa,2,0,0,0,2
Mayo 2025,2025,Mayo,Sonora,Navojoa,0,0,0,0,0
Abril 2024,2024,Abril,Sonora,San Ignacio Río Muerto,0,0,0,0,0
Agosto 2024,2024,Agosto,Sonora,San Ignacio Río Muerto,0,0,0,0,0
Diciembre 2024,2024,Diciembre,Sonora,San Ignacio Río Muerto,5,0,0,2,7
Enero 2024,2024,Enero,Sonora,San Ignacio Río Muerto,1,0,0,0,1
Febrero 2024,2024,Febrero,Sonora,San Ignacio Río Muerto,2,0,0,0,2
Julio 2024,2024,Julio,Sonora,San Ignacio Río Muerto,0,0,0,0,0
Junio 2024,2024,Junio,Sonora,San Ignacio Río Muerto,1,0,0,0,1
Marzo 2024,2024,Marzo,Sonora,San Ignacio Río Muerto,0,2,0,0,2
Mayo 2024,2024,Mayo,Sonora,San Ignacio Río Muerto,0,0,0,0,0
Noviembre 2024,2024,Noviembre,Sonora,San Ignacio Río Muerto,0,0,0,0,0
Octubre 2024,2024,Octubre,Sonora,San Ignacio Río Muerto,0,0,0,0,0
Septiembre 2024,2024,Septiembre,Sonora,San Ignacio Río Muerto,0,0,0,0,0
Abril 2025,2025,Abril,Sonora,San Ignacio Río Muerto,0,1,0,0,1
Enero 2025,2025,Enero,Sonora,San Ignacio Río Muerto,0,0,0,0,0
Febrero 2025,2025,Febrero,Sonora,San Ignacio Río Muerto,0,0,0,0,0
Julio 2025,2025,Julio,Sonora,San Ignacio Río Muerto,0,0,0,0,0
Junio 2025,2025,Junio,Sonora,San Ignacio Río Muerto,0,0,0,0,0
Marzo 2025,2025,Marzo,Sonora,San Ignacio Río Muerto,0,0,0,0,0
Mayo 2025,2025,Mayo,Sonora,San Ignacio Río Muerto,0,0,0,0,0
