Año,Mes,Periodo,Estado,Feminicidio,Homicidio culposo,Homicidio doloso,Otros delitos que atentan contra la vida y la integridad corporal,Total
2024,Enero,Enero 2024,Aguascalientes,1,14,6,2,23
2024,Febrero,Febrero 2024,Aguascalientes,0,6,3,3,12
2024,Marzo,Marzo 2024,Aguascalientes,1,13,12,6,32
2024,Abril,Abril 2024,Aguascalientes,0,16,9,3,28
2024,Mayo,Mayo 2024,Aguascalientes,2,13,14,7,36
2024,Junio,Junio 2024,Aguascalientes,0,12,13,5,30
2024,Julio,Julio 2024,Aguascalientes,0,14,18,6,38
2024,Agosto,Agosto 2024,Aguascalientes,0,14,18,5,40
2024,Septiembre,Septiembre 2024,Aguascalientes,0,15,16,6,34
2024,Octubre,Octubre 2024,Aguascalientes,0,13,17,5,43
2024,Noviembre,Noviembre 2024,Aguascalientes,0,14,17,5,36
2024,Diciembre,Diciembre 2024,Aguascalientes,0,13,19,6,40
2025,Enero,Enero 2025,Aguascalientes,0,10,12,5,27
2025,Febrero,Febrero 2025,Aguascalientes,0,7,11,13,31
2025,Marzo,Marzo 2025,Aguascalientes,1,12,7,13,33
2025,Abril,Abril 2025,Aguascalientes,0,10,5,7,22
2025,Mayo,Mayo 2025,Aguascalientes,0,15,7,14,36
2025,Junio,Junio 2025,Aguascalientes,1,13,7,9,30
2025,Julio,Julio 2025,Aguascalientes,0,7,10,8,25
2024,Enero,Enero 2024,Baja California,0,37,173,198,408
2024,Febrero,Febrero 2024,Baja California,4,40,187,186,417
2024,Marzo,Marzo 2024,Baja California,2,43,165,214,424
2024,Abril,Abril 2024,Baja California,4,21,195,239,459
2024,Mayo,Mayo 2024,Baja California,5,41,183,257,486
2024,Junio,Junio 2024,Baja California,3,42,175,220,440
2024,Julio,Julio 2024,Baja California,6,38,182,225,451
2024,Agosto,Agosto 2024,Baja California,5,38,166,234,472
2024,Septiembre,Septiembre 2024,Baja California,5,42,157,224,384
2024,Octubre,Octubre 2024,Baja California,5,34,188,235,497
2024,Noviembre,Noviembre 2024,Baja California,6,38,185,246,506
2024,Diciembre,Diciembre 2024,Baja California,5,35,202,229,414
2025,Enero,Enero 2025,Baja California,6,34,173,186,399
2025,Febrero,Febrero 2025,Baja California,1,35,133,213,382
2025,Marzo,Marzo 2025,Baja California,3,36,135,215,389
2025,Abril,Abril 2025,Baja California,1,33,106,205,345
2025,Mayo,Mayo 2025,Baja California,5,35,117,217,374
2025,Junio,Junio 2025,Baja California,0,38,140,210,388
2025,Julio,Julio 2025,Baja California,0,36,128,228,392
2024,Enero,Enero 2024,Baja California Sur,1,8,0,20,29
2024,Febrero,Febrero 2024,Baja California Sur,0,6,4,23,33
2024,Marzo,Marzo 2024,Baja California Sur,0,7,6,28,41
2024,Abril,Abril 2024,Baja California Sur,1,8,7,27,43
2024,Mayo,Mayo 2024,Baja California Sur,1,9,8,28,46
2024,Junio,Junio 2024,Baja California Sur,0,5,5,34,44
2024,Julio,Julio 2024,Baja California Sur,2,8,4,26,40
2024,Agosto,Agosto 2024,Baja California Sur,1,6,4,23,40
2024,Septiembre,Septiembre 2024,Baja California Sur,1,8,3,29,35
2024,Octubre,Octubre 2024,Baja California Sur,1,8,3,25,43
2024,Noviembre,Noviembre 2024,Baja California Sur,1,7,3,28,35
2024,Diciembre,Diciembre 2024,Baja California Sur,1,8,4,29,38
2025,Enero,Enero 2025,Baja California Sur,1,8,1,30,40
2025,Febrero,Febrero 2025,Baja California Sur,1,8,5,20,34
2025,Marzo,Marzo 2025,Baja California Sur,0,8,4,15,27
2025,Abril,Abril 2025,Baja California Sur,0,8,7,15,30
2025,Mayo,Mayo 2025,Baja California Sur,0,11,10,23,44
2025,Junio,Junio 2025,Baja California Sur,1,10,23,19,53
2025,Julio,Julio 2025,Baja California Sur,0,9,16,33,58
2024,Enero,Enero 2024,Campeche,1,6,11,25,43
2024,Febrero,Febrero 2024,Campeche,1,7,4,18,30
2024,Marzo,Marzo 2024,Campeche,1,8,8,24,41
2024,Abril,Abril 2024,Campeche,1,10,10,20,41
2024,Mayo,Mayo 2024,Campeche,0,15,6,22,43
2024,Junio,Junio 2024,Campeche,1,5,6,25,37
2024,Julio,Julio 2024,Campeche,0,5,5,16,26
2024,Agosto,Agosto 2024,Campeche,0,5,4,15,28
2024,Septiembre,Septiembre 2024,Campeche,0,5,4,16,25
2024,Octubre,Octubre 2024,Campeche,0,4,5,17,29
2024,Noviembre,Noviembre 2024,Campeche,0,4,5,15,26
2024,Diciembre,Diciembre 2024,Campeche,0,5,4,16,23
2025,Enero,Enero 2025,Campeche,0,5,6,6,17
2025,Febrero,Febrero 2025,Campeche,2,7,14,8,31
2025,Marzo,Marzo 2025,Campeche,1,14,12,9,36
2025,Abril,Abril 2025,Campeche,1,7,11,2,21
2025,Mayo,Mayo 2025,Campeche,1,12,7,5,25
2025,Junio,Junio 2025,Campeche,0,3,5,6,14
2025,Julio,Julio 2025,Campeche,1,6,11,14,32
2024,Enero,Enero 2024,Chiapas,2,67,45,13,127
2024,Febrero,Febrero 2024,Chiapas,2,71,52,12,137
2024,Marzo,Marzo 2024,Chiapas,4,78,66,7,155
2024,Abril,Abril 2024,Chiapas,1,61,75,6,143
2024,Mayo,Mayo 2024,Chiapas,4,72,66,12,154
2024,Junio,Junio 2024,Chiapas,0,80,53,4,137
2024,Julio,Julio 2024,Chiapas,2,52,58,7,119
2024,Agosto,Agosto 2024,Chiapas,2,45,53,7,134
2024,Septiembre,Septiembre 2024,Chiapas,2,55,66,6,122
2024,Octubre,Octubre 2024,Chiapas,2,52,53,6,125
2024,Noviembre,Noviembre 2024,Chiapas,1,59,61,7,108
2024,Diciembre,Diciembre 2024,Chiapas,2,47,64,6,136
2025,Enero,Enero 2025,Chiapas,0,80,32,17,129
2025,Febrero,Febrero 2025,Chiapas,1,49,23,6,79
2025,Marzo,Marzo 2025,Chiapas,4,65,34,14,117
2025,Abril,Abril 2025,Chiapas,4,78,25,12,119
2025,Mayo,Mayo 2025,Chiapas,2,73,34,13,122
2025,Junio,Junio 2025,Chiapas,3,54,30,7,94
2025,Julio,Julio 2025,Chiapas,2,64,29,8,103
2024,Enero,Enero 2024,Chihuahua,5,27,161,23,216
2024,Febrero,Febrero 2024,Chihuahua,2,15,123,27,167
2024,Marzo,Marzo 2024,Chihuahua,5,29,123,22,179
2024,Abril,Abril 2024,Chihuahua,7,17,134,32,190
2024,Mayo,Mayo 2024,Chihuahua,1,22,166,34,223
2024,Junio,Junio 2024,Chihuahua,4,22,161,42,229
2024,Julio,Julio 2024,Chihuahua,4,25,147,41,217
2024,Agosto,Agosto 2024,Chihuahua,3,22,136,41,215
2024,Septiembre,Septiembre 2024,Chihuahua,3,28,157,45,241
2024,Octubre,Octubre 2024,Chihuahua,3,23,163,36,188
2024,Noviembre,Noviembre 2024,Chihuahua,3,28,159,35,199
2024,Diciembre,Diciembre 2024,Chihuahua,4,26,159,37,226
2025,Enero,Enero 2025,Chihuahua,3,18,129,38,188
2025,Febrero,Febrero 2025,Chihuahua,2,16,111,59,188
2025,Marzo,Marzo 2025,Chihuahua,3,27,151,252,433
2025,Abril,Abril 2025,Chihuahua,3,21,116,96,236
2025,Mayo,Mayo 2025,Chihuahua,8,28,122,99,257
2025,Junio,Junio 2025,Chihuahua,2,30,130,68,230
2025,Julio,Julio 2025,Chihuahua,4,31,157,53,245
2024,Enero,Enero 2024,Ciudad de México,8,81,52,74,215
2024,Febrero,Febrero 2024,Ciudad de México,7,74,70,85,236
2024,Marzo,Marzo 2024,Ciudad de México,5,68,78,85,236
2024,Abril,Abril 2024,Ciudad de México,3,64,73,62,202
2024,Mayo,Mayo 2024,Ciudad de México,3,74,82,81,240
2024,Junio,Junio 2024,Ciudad de México,9,76,60,62,207
2024,Julio,Julio 2024,Ciudad de México,5,61,61,94,221
2024,Agosto,Agosto 2024,Ciudad de México,5,66,51,91,197
2024,Septiembre,Septiembre 2024,Ciudad de México,5,68,62,84,247
2024,Octubre,Octubre 2024,Ciudad de México,5,54,51,102,226
2024,Noviembre,Noviembre 2024,Ciudad de México,4,62,60,88,251
2024,Diciembre,Diciembre 2024,Ciudad de México,4,64,53,81,227
2025,Enero,Enero 2025,Ciudad de México,2,47,57,70,176
2025,Febrero,Febrero 2025,Ciudad de México,3,50,60,115,228
2025,Marzo,Marzo 2025,Ciudad de México,2,63,72,106,243
2025,Abril,Abril 2025,Ciudad de México,4,61,70,90,225
2025,Mayo,Mayo 2025,Ciudad de México,3,64,57,99,223
2025,Junio,Junio 2025,Ciudad de México,3,71,63,84,221
2025,Julio,Julio 2025,Ciudad de México,3,72,60,76,211
2024,Enero,Enero 2024,Coahuila de Zaragoza,0,25,7,3,35
2024,Febrero,Febrero 2024,Coahuila de Zaragoza,1,25,6,6,38
2024,Marzo,Marzo 2024,Coahuila de Zaragoza,3,37,5,2,47
2024,Abril,Abril 2024,Coahuila de Zaragoza,1,20,5,6,32
2024,Mayo,Mayo 2024,Coahuila de Zaragoza,3,21,12,4,40
2024,Junio,Junio 2024,Coahuila de Zaragoza,3,24,10,3,40
2024,Julio,Julio 2024,Coahuila de Zaragoza,2,20,7,7,36
2024,Agosto,Agosto 2024,Coahuila de Zaragoza,1,22,6,7,39
2024,Septiembre,Septiembre 2024,Coahuila de Zaragoza,2,17,6,6,39
2024,Octubre,Octubre 2024,Coahuila de Zaragoza,2,19,7,6,31
2024,Noviembre,Noviembre 2024,Coahuila de Zaragoza,1,21,7,6,39
2024,Diciembre,Diciembre 2024,Coahuila de Zaragoza,2,22,5,7,40
2025,Enero,Enero 2025,Coahuila de Zaragoza,1,6,8,5,20
2025,Febrero,Febrero 2025,Coahuila de Zaragoza,1,13,6,3,23
2025,Marzo,Marzo 2025,Coahuila de Zaragoza,0,24,5,5,34
2025,Abril,Abril 2025,Coahuila de Zaragoza,0,22,7,8,37
2025,Mayo,Mayo 2025,Coahuila de Zaragoza,2,14,5,9,30
2025,Junio,Junio 2025,Coahuila de Zaragoza,2,22,9,0,33
2025,Julio,Julio 2025,Coahuila de Zaragoza,0,19,2,6,27
2024,Enero,Enero 2024,Colima,1,6,59,0,66
2024,Febrero,Febrero 2024,Colima,1,9,39,0,49
2024,Marzo,Marzo 2024,Colima,0,11,50,0,61
2024,Abril,Abril 2024,Colima,0,9,89,0,98
2024,Mayo,Mayo 2024,Colima,2,13,75,0,90
2024,Junio,Junio 2024,Colima,0,11,71,0,82
2024,Julio,Julio 2024,Colima,0,8,64,0,72
2024,Agosto,Agosto 2024,Colima,0,8,65,0,68
2024,Septiembre,Septiembre 2024,Colima,0,8,59,0,66
2024,Octubre,Octubre 2024,Colima,0,7,63,0,64
2024,Noviembre,Noviembre 2024,Colima,0,8,63,0,65
2024,Diciembre,Diciembre 2024,Colima,0,8,69,0,80
2025,Enero,Enero 2025,Colima,0,14,52,0,66
2025,Febrero,Febrero 2025,Colima,2,6,37,0,45
2025,Marzo,Marzo 2025,Colima,1,15,54,0,70
2025,Abril,Abril 2025,Colima,0,19,39,0,58
2025,Mayo,Mayo 2025,Colima,0,13,46,0,59
2025,Junio,Junio 2025,Colima,0,12,53,0,65
2025,Julio,Julio 2025,Colima,0,6,52,0,58
2024,Enero,Enero 2024,Durango,1,14,8,0,23
2024,Febrero,Febrero 2024,Durango,0,20,3,0,23
2024,Marzo,Marzo 2024,Durango,2,17,2,0,21
2024,Abril,Abril 2024,Durango,0,14,6,2,22
2024,Mayo,Mayo 2024,Durango,3,19,5,3,30
2024,Junio,Junio 2024,Durango,0,17,8,0,25
2024,Julio,Julio 2024,Durango,2,20,7,1,30
2024,Agosto,Agosto 2024,Durango,1,19,6,1,28
2024,Septiembre,Septiembre 2024,Durango,2,19,6,1,31
2024,Octubre,Octubre 2024,Durango,2,19,7,1,26
2024,Noviembre,Noviembre 2024,Durango,2,22,6,0,25
2024,Diciembre,Diciembre 2024,Durango,1,17,7,1,28
2025,Enero,Enero 2025,Durango,0,13,3,0,16
2025,Febrero,Febrero 2025,Durango,1,23,5,0,29
2025,Marzo,Marzo 2025,Durango,0,16,3,0,19
2025,Abril,Abril 2025,Durango,1,13,6,2,22
2025,Mayo,Mayo 2025,Durango,1,19,5,3,28
2025,Junio,Junio 2025,Durango,1,17,5,0,23
2025,Julio,Julio 2025,Durango,1,16,8,1,26
2024,Enero,Enero 2024,Guanajuato,1,113,216,73,403
2024,Febrero,Febrero 2024,Guanajuato,0,84,185,71,340
2024,Marzo,Marzo 2024,Guanajuato,4,108,209,91,412
2024,Abril,Abril 2024,Guanajuato,2,96,229,89,416
2024,Mayo,Mayo 2024,Guanajuato,3,127,177,114,421
2024,Junio,Junio 2024,Guanajuato,1,101,210,96,408
2024,Julio,Julio 2024,Guanajuato,0,98,206,88,392
2024,Agosto,Agosto 2024,Guanajuato,0,111,215,89,428
2024,Septiembre,Septiembre 2024,Guanajuato,0,107,231,97,361
2024,Octubre,Octubre 2024,Guanajuato,0,106,235,92,359
2024,Noviembre,Noviembre 2024,Guanajuato,0,105,183,82,367
2024,Diciembre,Diciembre 2024,Guanajuato,0,110,194,89,363
2025,Enero,Enero 2025,Guanajuato,0,115,288,29,432
2025,Febrero,Febrero 2025,Guanajuato,4,120,283,19,426
2025,Marzo,Marzo 2025,Guanajuato,2,116,249,32,399
2025,Abril,Abril 2025,Guanajuato,0,101,160,59,320
2025,Mayo,Mayo 2025,Guanajuato,1,89,147,118,355
2025,Junio,Junio 2025,Guanajuato,0,117,130,103,350
2025,Julio,Julio 2025,Guanajuato,0,75,130,97,302
2024,Enero,Enero 2024,Guerrero,0,35,110,4,149
2024,Febrero,Febrero 2024,Guerrero,3,34,125,3,165
2024,Marzo,Marzo 2024,Guerrero,4,40,91,2,137
2024,Abril,Abril 2024,Guerrero,0,46,114,4,164
2024,Mayo,Mayo 2024,Guerrero,2,39,109,3,153
2024,Junio,Junio 2024,Guerrero,2,29,141,2,174
2024,Julio,Julio 2024,Guerrero,2,49,129,1,181
2024,Agosto,Agosto 2024,Guerrero,1,54,126,0,172
2024,Septiembre,Septiembre 2024,Guerrero,1,50,131,0,159
2024,Octubre,Octubre 2024,Guerrero,2,45,139,1,174
2024,Noviembre,Noviembre 2024,Guerrero,2,43,144,0,199
2024,Diciembre,Diciembre 2024,Guerrero,1,56,135,0,162
2025,Enero,Enero 2025,Guerrero,2,29,99,5,135
2025,Febrero,Febrero 2025,Guerrero,0,33,76,1,110
2025,Marzo,Marzo 2025,Guerrero,4,37,93,5,139
2025,Abril,Abril 2025,Guerrero,1,36,129,2,168
2025,Mayo,Mayo 2025,Guerrero,0,35,103,4,142
2025,Junio,Junio 2025,Guerrero,3,26,90,1,120
2025,Julio,Julio 2025,Guerrero,2,44,108,5,159
2024,Enero,Enero 2024,Hidalgo,1,7,17,9,34
2024,Febrero,Febrero 2024,Hidalgo,0,14,14,6,34
2024,Marzo,Marzo 2024,Hidalgo,1,15,28,10,54
2024,Abril,Abril 2024,Hidalgo,2,15,23,11,51
2024,Mayo,Mayo 2024,Hidalgo,1,15,31,25,72
2024,Junio,Junio 2024,Hidalgo,3,20,29,18,70
2024,Julio,Julio 2024,Hidalgo,3,13,24,13,53
2024,Agosto,Agosto 2024,Hidalgo,2,14,21,13,54
2024,Septiembre,Septiembre 2024,Hidalgo,2,13,21,13,49
2024,Octubre,Octubre 2024,Hidalgo,2,11,27,13,46
2024,Noviembre,Noviembre 2024,Hidalgo,3,14,24,12,55
2024,Diciembre,Diciembre 2024,Hidalgo,3,12,26,14,46
2025,Enero,Enero 2025,Hidalgo,3,11,23,8,45
2025,Febrero,Febrero 2025,Hidalgo,1,15,20,9,45
2025,Marzo,Marzo 2025,Hidalgo,2,18,20,13,53
2025,Abril,Abril 2025,Hidalgo,2,20,21,16,59
2025,Mayo,Mayo 2025,Hidalgo,1,7,16,11,35
2025,Junio,Junio 2025,Hidalgo,1,12,17,98,128
2025,Julio,Julio 2025,Hidalgo,1,10,44,62,117
2024,Enero,Enero 2024,Jalisco,1,92,135,22,250
2024,Febrero,Febrero 2024,Jalisco,2,55,106,25,188
2024,Marzo,Marzo 2024,Jalisco,3,95,128,14,240
2024,Abril,Abril 2024,Jalisco,3,94,118,21,236
2024,Mayo,Mayo 2024,Jalisco,6,80,127,18,231
2024,Junio,Junio 2024,Jalisco,1,79,138,8,226
2024,Julio,Julio 2024,Jalisco,4,66,147,13,230
2024,Agosto,Agosto 2024,Jalisco,3,62,154,12,200
2024,Septiembre,Septiembre 2024,Jalisco,4,75,132,11,243
2024,Octubre,Octubre 2024,Jalisco,4,70,140,13,258
2024,Noviembre,Noviembre 2024,Jalisco,4,73,126,13,195
2024,Diciembre,Diciembre 2024,Jalisco,4,58,151,12,253
2025,Enero,Enero 2025,Jalisco,2,80,87,6,175
2025,Febrero,Febrero 2025,Jalisco,1,75,80,15,171
2025,Marzo,Marzo 2025,Jalisco,4,92,103,7,206
2025,Abril,Abril 2025,Jalisco,0,93,95,11,199
2025,Mayo,Mayo 2025,Jalisco,3,96,98,10,207
2025,Junio,Junio 2025,Jalisco,3,99,68,11,181
2025,Julio,Julio 2025,Jalisco,3,64,86,9,162
2024,Enero,Enero 2024,Michoacán de Ocampo,2,109,135,22,268
2024,Febrero,Febrero 2024,Michoacán de Ocampo,0,101,111,26,238
2024,Marzo,Marzo 2024,Michoacán de Ocampo,5,108,118,26,257
2024,Abril,Abril 2024,Michoacán de Ocampo,1,109,124,25,259
2024,Mayo,Mayo 2024,Michoacán de Ocampo,0,101,121,34,256
2024,Junio,Junio 2024,Michoacán de Ocampo,0,109,112,21,242
2024,Julio,Julio 2024,Michoacán de Ocampo,0,89,92,29,210
2024,Agosto,Agosto 2024,Michoacán de Ocampo,0,100,78,27,204
2024,Septiembre,Septiembre 2024,Michoacán de Ocampo,0,91,89,26,221
2024,Octubre,Octubre 2024,Michoacán de Ocampo,0,86,79,27,207
2024,Noviembre,Noviembre 2024,Michoacán de Ocampo,0,88,87,26,178
2024,Diciembre,Diciembre 2024,Michoacán de Ocampo,0,92,78,24,209
2025,Enero,Enero 2025,Michoacán de Ocampo,3,118,110,25,256
2025,Febrero,Febrero 2025,Michoacán de Ocampo,2,99,93,21,215
2025,Marzo,Marzo 2025,Michoacán de Ocampo,1,116,99,28,244
2025,Abril,Abril 2025,Michoacán de Ocampo,2,107,92,33,234
2025,Mayo,Mayo 2025,Michoacán de Ocampo,2,118,105,29,254
2025,Junio,Junio 2025,Michoacán de Ocampo,5,110,100,12,227
2025,Julio,Julio 2025,Michoacán de Ocampo,1,74,86,27,188
2024,Enero,Enero 2024,Morelos,2,24,117,63,206
2024,Febrero,Febrero 2024,Morelos,5,28,130,62,225
2024,Marzo,Marzo 2024,Morelos,5,21,123,58,207
2024,Abril,Abril 2024,Morelos,6,23,160,62,251
2024,Mayo,Mayo 2024,Morelos,6,26,111,53,196
2024,Junio,Junio 2024,Morelos,6,23,107,61,197
2024,Julio,Julio 2024,Morelos,7,22,98,57,184
2024,Agosto,Agosto 2024,Morelos,5,23,106,55,165
2024,Septiembre,Septiembre 2024,Morelos,6,23,109,58,172
2024,Octubre,Octubre 2024,Morelos,6,19,86,52,175
2024,Noviembre,Noviembre 2024,Morelos,6,21,112,51,200
2024,Diciembre,Diciembre 2024,Morelos,7,20,104,57,169
2025,Enero,Enero 2025,Morelos,4,55,93,35,187
2025,Febrero,Febrero 2025,Morelos,2,38,78,39,157
2025,Marzo,Marzo 2025,Morelos,1,32,85,61,179
2025,Abril,Abril 2025,Morelos,5,38,80,60,183
2025,Mayo,Mayo 2025,Morelos,3,23,82,50,158
2025,Junio,Junio 2025,Morelos,2,20,71,50,143
2025,Julio,Julio 2025,Morelos,4,29,93,50,176
2024,Enero,Enero 2024,México,10,127,191,101,429
2024,Febrero,Febrero 2024,México,7,117,174,143,441
2024,Marzo,Marzo 2024,México,6,145,183,137,471
2024,Abril,Abril 2024,México,2,149,166,133,450
2024,Mayo,Mayo 2024,México,3,177,174,158,512
2024,Junio,Junio 2024,México,5,122,174,154,455
2024,Julio,Julio 2024,México,5,135,153,143,436
2024,Agosto,Agosto 2024,México,4,139,174,139,373
2024,Septiembre,Septiembre 2024,México,5,151,144,159,423
2024,Octubre,Octubre 2024,México,4,146,141,162,377
2024,Noviembre,Noviembre 2024,México,4,134,142,149,480
2024,Diciembre,Diciembre 2024,México,5,136,156,132,456
2025,Enero,Enero 2025,México,7,109,136,107,359
2025,Febrero,Febrero 2025,México,4,106,125,115,350
2025,Marzo,Marzo 2025,México,7,136,133,170,446
2025,Abril,Abril 2025,México,5,125,120,135,385
2025,Mayo,Mayo 2025,México,5,128,116,156,405
2025,Junio,Junio 2025,México,4,96,112,125,337
2025,Julio,Julio 2025,México,3,109,103,118,333
2024,Enero,Enero 2024,Nayarit,1,16,12,1,30
2024,Febrero,Febrero 2024,Nayarit,1,21,9,0,31
2024,Marzo,Marzo 2024,Nayarit,2,18,10,3,33
2024,Abril,Abril 2024,Nayarit,0,22,9,0,31
2024,Mayo,Mayo 2024,Nayarit,0,23,11,4,38
2024,Junio,Junio 2024,Nayarit,0,30,9,2,41
2024,Julio,Julio 2024,Nayarit,1,19,7,1,28
2024,Agosto,Agosto 2024,Nayarit,1,21,7,0,26
2024,Septiembre,Septiembre 2024,Nayarit,0,17,6,0,28
2024,Octubre,Octubre 2024,Nayarit,0,20,6,0,28
2024,Noviembre,Noviembre 2024,Nayarit,0,17,6,1,25
2024,Diciembre,Diciembre 2024,Nayarit,1,18,7,1,30
2025,Enero,Enero 2025,Nayarit,1,18,16,1,36
2025,Febrero,Febrero 2025,Nayarit,0,21,11,2,34
2025,Marzo,Marzo 2025,Nayarit,6,26,11,6,49
2025,Abril,Abril 2025,Nayarit,0,22,12,2,36
2025,Mayo,Mayo 2025,Nayarit,0,14,15,2,31
2025,Junio,Junio 2025,Nayarit,0,23,12,3,38
2025,Julio,Julio 2025,Nayarit,0,25,11,2,38
2024,Enero,Enero 2024,Nuevo León,6,44,111,23,184
2024,Febrero,Febrero 2024,Nuevo León,2,47,113,26,188
2024,Marzo,Marzo 2024,Nuevo León,8,42,95,36,181
2024,Abril,Abril 2024,Nuevo León,8,38,123,43,212
2024,Mayo,Mayo 2024,Nuevo León,9,60,169,27,265
2024,Junio,Junio 2024,Nuevo León,5,36,170,27,238
2024,Julio,Julio 2024,Nuevo León,6,52,155,21,234
2024,Agosto,Agosto 2024,Nuevo León,5,44,147,21,227
2024,Septiembre,Septiembre 2024,Nuevo León,6,51,145,21,244
2024,Octubre,Octubre 2024,Nuevo León,6,50,167,23,266
2024,Noviembre,Noviembre 2024,Nuevo León,6,55,155,20,225
2024,Diciembre,Diciembre 2024,Nuevo León,5,49,154,20,210
2025,Enero,Enero 2025,Nuevo León,1,55,81,22,159
2025,Febrero,Febrero 2025,Nuevo León,0,47,64,27,138
2025,Marzo,Marzo 2025,Nuevo León,3,56,81,17,157
2025,Abril,Abril 2025,Nuevo León,1,48,91,25,165
2025,Mayo,Mayo 2025,Nuevo León,1,45,59,28,133
2025,Junio,Junio 2025,Nuevo León,1,42,61,33,137
2025,Julio,Julio 2025,Nuevo León,2,44,42,31,119
2024,Enero,Enero 2024,Oaxaca,2,87,67,23,179
2024,Febrero,Febrero 2024,Oaxaca,1,106,60,12,179
2024,Marzo,Marzo 2024,Oaxaca,1,122,62,17,202
2024,Abril,Abril 2024,Oaxaca,2,127,73,18,220
2024,Mayo,Mayo 2024,Oaxaca,3,150,73,15,241
2024,Junio,Junio 2024,Oaxaca,0,123,72,26,221
2024,Julio,Julio 2024,Oaxaca,0,126,75,12,213
2024,Agosto,Agosto 2024,Oaxaca,0,138,67,11,212
2024,Septiembre,Septiembre 2024,Oaxaca,0,135,67,12,225
2024,Octubre,Octubre 2024,Oaxaca,0,113,67,12,232
2024,Noviembre,Noviembre 2024,Oaxaca,0,114,67,12,195
2024,Diciembre,Diciembre 2024,Oaxaca,0,128,77,13,236
2025,Enero,Enero 2025,Oaxaca,1,102,68,9,180
2025,Febrero,Febrero 2025,Oaxaca,0,98,43,19,160
2025,Marzo,Marzo 2025,Oaxaca,1,129,64,10,204
2025,Abril,Abril 2025,Oaxaca,3,124,61,11,199
2025,Mayo,Mayo 2025,Oaxaca,2,107,65,12,186
2025,Junio,Junio 2025,Oaxaca,0,86,46,6,138
2025,Julio,Julio 2025,Oaxaca,3,88,71,9,171
2024,Enero,Enero 2024,Puebla,2,27,59,25,113
2024,Febrero,Febrero 2024,Puebla,3,29,64,24,120
2024,Marzo,Marzo 2024,Puebla,5,83,77,13,178
2024,Abril,Abril 2024,Puebla,3,101,75,23,202
2024,Mayo,Mayo 2024,Puebla,7,104,89,27,227
2024,Junio,Junio 2024,Puebla,5,99,66,28,198
2024,Julio,Julio 2024,Puebla,6,75,66,29,176
2024,Agosto,Agosto 2024,Puebla,6,68,58,28,165
2024,Septiembre,Septiembre 2024,Puebla,5,75,69,28,149
2024,Octubre,Octubre 2024,Puebla,5,74,58,28,171
2024,Noviembre,Noviembre 2024,Puebla,5,74,62,26,161
2024,Diciembre,Diciembre 2024,Puebla,5,69,62,30,171
2025,Enero,Enero 2025,Puebla,5,72,66,15,158
2025,Febrero,Febrero 2025,Puebla,1,81,57,26,165
2025,Marzo,Marzo 2025,Puebla,2,84,70,25,181
2025,Abril,Abril 2025,Puebla,1,86,72,26,185
2025,Mayo,Mayo 2025,Puebla,5,96,71,25,197
2025,Junio,Junio 2025,Puebla,1,51,64,12,128
2025,Julio,Julio 2025,Puebla,0,47,48,28,123
2024,Enero,Enero 2024,Querétaro,0,18,13,92,123
2024,Febrero,Febrero 2024,Querétaro,1,32,12,71,116
2024,Marzo,Marzo 2024,Querétaro,0,30,19,72,121
2024,Abril,Abril 2024,Querétaro,1,37,11,82,131
2024,Mayo,Mayo 2024,Querétaro,1,31,14,104,150
2024,Junio,Junio 2024,Querétaro,1,30,13,83,127
2024,Julio,Julio 2024,Querétaro,0,27,19,85,131
2024,Agosto,Agosto 2024,Querétaro,0,28,17,77,116
2024,Septiembre,Septiembre 2024,Querétaro,0,28,16,85,115
2024,Octubre,Octubre 2024,Querétaro,0,25,17,83,124
2024,Noviembre,Noviembre 2024,Querétaro,0,27,19,96,119
2024,Diciembre,Diciembre 2024,Querétaro,0,27,18,75,144
2025,Enero,Enero 2025,Querétaro,3,24,10,87,124
2025,Febrero,Febrero 2025,Querétaro,2,25,12,84,123
2025,Marzo,Marzo 2025,Querétaro,1,28,14,84,127
2025,Abril,Abril 2025,Querétaro,0,39,12,92,143
2025,Mayo,Mayo 2025,Querétaro,3,24,12,119,158
2025,Junio,Junio 2025,Querétaro,0,29,13,20,62
2025,Julio,Julio 2025,Querétaro,0,27,19,19,65
2024,Enero,Enero 2024,Quintana Roo,0,69,51,30,150
2024,Febrero,Febrero 2024,Quintana Roo,0,71,41,19,131
2024,Marzo,Marzo 2024,Quintana Roo,1,81,53,20,155
2024,Abril,Abril 2024,Quintana Roo,1,78,48,38,165
2024,Mayo,Mayo 2024,Quintana Roo,2,97,60,24,183
2024,Junio,Junio 2024,Quintana Roo,0,69,48,29,146
2024,Julio,Julio 2024,Quintana Roo,0,80,62,23,165
2024,Agosto,Agosto 2024,Quintana Roo,0,78,68,20,152
2024,Septiembre,Septiembre 2024,Quintana Roo,0,80,71,26,176
2024,Octubre,Octubre 2024,Quintana Roo,0,76,63,21,151
2024,Noviembre,Noviembre 2024,Quintana Roo,0,83,61,25,170
2024,Diciembre,Diciembre 2024,Quintana Roo,0,73,67,21,145
2025,Enero,Enero 2025,Quintana Roo,0,58,36,26,120
2025,Febrero,Febrero 2025,Quintana Roo,3,62,29,26,120
2025,Marzo,Marzo 2025,Quintana Roo,2,81,27,25,135
2025,Abril,Abril 2025,Quintana Roo,1,89,15,17,122
2025,Mayo,Mayo 2025,Quintana Roo,1,89,23,29,142
2025,Junio,Junio 2025,Quintana Roo,2,78,20,36,136
2025,Julio,Julio 2025,Quintana Roo,4,100,20,28,152
2024,Enero,Enero 2024,San Luis Potosí,0,23,19,18,60
2024,Febrero,Febrero 2024,San Luis Potosí,0,35,39,14,88
2024,Marzo,Marzo 2024,San Luis Potosí,1,36,34,19,90
2024,Abril,Abril 2024,San Luis Potosí,1,29,24,19,73
2024,Mayo,Mayo 2024,San Luis Potosí,2,33,37,32,104
2024,Junio,Junio 2024,San Luis Potosí,2,22,41,20,85
2024,Julio,Julio 2024,San Luis Potosí,1,16,28,15,60
2024,Agosto,Agosto 2024,San Luis Potosí,0,15,29,15,64
2024,Septiembre,Septiembre 2024,San Luis Potosí,1,15,28,15,67
2024,Octubre,Octubre 2024,San Luis Potosí,1,14,25,14,56
2024,Noviembre,Noviembre 2024,San Luis Potosí,0,14,29,17,68
2024,Diciembre,Diciembre 2024,San Luis Potosí,1,15,27,15,55
2025,Enero,Enero 2025,San Luis Potosí,1,22,29,29,81
2025,Febrero,Febrero 2025,San Luis Potosí,1,25,25,14,65
2025,Marzo,Marzo 2025,San Luis Potosí,0,29,24,15,68
2025,Abril,Abril 2025,San Luis Potosí,0,30,12,26,68
2025,Mayo,Mayo 2025,San Luis Potosí,0,28,15,16,59
2025,Junio,Junio 2025,San Luis Potosí,0,27,21,16,64
2025,Julio,Julio 2025,San Luis Potosí,0,24,15,15,54
2024,Enero,Enero 2024,Sinaloa,1,57,51,56,165
2024,Febrero,Febrero 2024,Sinaloa,3,55,38,46,142
2024,Marzo,Marzo 2024,Sinaloa,1,66,31,50,148
2024,Abril,Abril 2024,Sinaloa,1,56,32,54,143
2024,Mayo,Mayo 2024,Sinaloa,1,63,41,67,172
2024,Junio,Junio 2024,Sinaloa,1,56,42,59,158
2024,Julio,Julio 2024,Sinaloa,4,55,38,67,164
2024,Agosto,Agosto 2024,Sinaloa,1,43,39,55,138
2024,Septiembre,Septiembre 2024,Sinaloa,1,41,103,51,196
2024,Octubre,Octubre 2024,Sinaloa,6,46,141,71,264
2024,Noviembre,Noviembre 2024,Sinaloa,1,34,130,45,210
2024,Diciembre,Diciembre 2024,Sinaloa,5,42,119,60,226
2025,Enero,Enero 2025,Sinaloa,0,43,108,50,201
2025,Febrero,Febrero 2025,Sinaloa,5,49,102,50,206
2025,Marzo,Marzo 2025,Sinaloa,2,47,109,64,222
2025,Abril,Abril 2025,Sinaloa,6,50,100,51,207
2025,Mayo,Mayo 2025,Sinaloa,2,48,140,59,249
2025,Junio,Junio 2025,Sinaloa,5,44,156,63,268
2025,Julio,Julio 2025,Sinaloa,4,47,134,46,231
2024,Enero,Enero 2024,Sonora,4,29,85,25,143
2024,Febrero,Febrero 2024,Sonora,4,37,76,21,138
2024,Marzo,Marzo 2024,Sonora,0,26,89,38,153
2024,Abril,Abril 2024,Sonora,2,21,91,37,151
2024,Mayo,Mayo 2024,Sonora,4,23,93,36,156
2024,Junio,Junio 2024,Sonora,2,20,113,48,183
2024,Julio,Julio 2024,Sonora,1,30,120,57,208
2024,Agosto,Agosto 2024,Sonora,1,25,113,56,237
2024,Septiembre,Septiembre 2024,Sonora,1,30,115,49,181
2024,Octubre,Octubre 2024,Sonora,1,28,112,61,188
2024,Noviembre,Noviembre 2024,Sonora,1,29,123,60,223
2024,Diciembre,Diciembre 2024,Sonora,0,27,112,64,237
2025,Enero,Enero 2025,Sonora,2,17,103,49,171
2025,Febrero,Febrero 2025,Sonora,1,13,89,62,165
2025,Marzo,Marzo 2025,Sonora,0,16,107,55,178
2025,Abril,Abril 2025,Sonora,1,19,64,49,133
2025,Mayo,Mayo 2025,Sonora,0,12,88,54,154
2025,Junio,Junio 2025,Sonora,2,20,91,57,170
2025,Julio,Julio 2025,Sonora,2,9,80,43,134
2024,Enero,Enero 2024,Tabasco,1,42,20,29,92
2024,Febrero,Febrero 2024,Tabasco,4,42,40,26,112
2024,Marzo,Marzo 2024,Tabasco,2,40,57,42,141
2024,Abril,Abril 2024,Tabasco,2,46,83,47,178
2024,Mayo,Mayo 2024,Tabasco,1,57,74,53,185
2024,Junio,Junio 2024,Tabasco,3,46,55,54,158
2024,Julio,Julio 2024,Tabasco,1,35,54,57,147
2024,Agosto,Agosto 2024,Tabasco,1,33,54,53,163
2024,Septiembre,Septiembre 2024,Tabasco,0,31,60,52,128
2024,Octubre,Octubre 2024,Tabasco,0,35,52,48,155
2024,Noviembre,Noviembre 2024,Tabasco,1,39,59,53,167
2024,Diciembre,Diciembre 2024,Tabasco,0,36,52,64,162
2025,Enero,Enero 2025,Tabasco,3,30,73,32,138
2025,Febrero,Febrero 2025,Tabasco,0,37,63,62,162
2025,Marzo,Marzo 2025,Tabasco,3,47,54,106,210
2025,Abril,Abril 2025,Tabasco,2,30,50,86,168
2025,Mayo,Mayo 2025,Tabasco,3,37,56,59,155
2025,Junio,Junio 2025,Tabasco,5,34,46,73,158
2025,Julio,Julio 2025,Tabasco,4,39,44,113,200
2024,Enero,Enero 2024,Tamaulipas,1,61,29,20,111
2024,Febrero,Febrero 2024,Tamaulipas,3,53,19,23,98
2024,Marzo,Marzo 2024,Tamaulipas,0,54,28,30,112
2024,Abril,Abril 2024,Tamaulipas,1,58,32,24,115
2024,Mayo,Mayo 2024,Tamaulipas,2,65,38,32,137
2024,Junio,Junio 2024,Tamaulipas,4,61,41,34,140
2024,Julio,Julio 2024,Tamaulipas,0,49,29,48,126
2024,Agosto,Agosto 2024,Tamaulipas,0,52,27,44,109
2024,Septiembre,Septiembre 2024,Tamaulipas,0,42,32,49,122
2024,Octubre,Octubre 2024,Tamaulipas,0,52,25,42,142
2024,Noviembre,Noviembre 2024,Tamaulipas,0,54,28,42,110
2024,Diciembre,Diciembre 2024,Tamaulipas,0,54,25,42,121
2025,Enero,Enero 2025,Tamaulipas,3,60,24,24,111
2025,Febrero,Febrero 2025,Tamaulipas,2,44,20,25,91
2025,Marzo,Marzo 2025,Tamaulipas,2,60,15,30,107
2025,Abril,Abril 2025,Tamaulipas,2,61,14,31,108
2025,Mayo,Mayo 2025,Tamaulipas,3,55,13,28,99
2025,Junio,Junio 2025,Tamaulipas,4,58,15,26,103
2025,Julio,Julio 2025,Tamaulipas,2,58,19,33,112
2024,Enero,Enero 2024,Tlaxcala,0,7,5,0,12
2024,Febrero,Febrero 2024,Tlaxcala,2,3,11,0,16
2024,Marzo,Marzo 2024,Tlaxcala,1,1,7,0,9
2024,Abril,Abril 2024,Tlaxcala,1,1,13,0,15
2024,Mayo,Mayo 2024,Tlaxcala,0,1,10,0,11
2024,Junio,Junio 2024,Tlaxcala,2,2,7,0,11
2024,Julio,Julio 2024,Tlaxcala,0,4,13,0,17
2024,Agosto,Agosto 2024,Tlaxcala,0,4,14,0,15
2024,Septiembre,Septiembre 2024,Tlaxcala,0,4,11,0,19
2024,Octubre,Octubre 2024,Tlaxcala,0,4,11,0,17
2024,Noviembre,Noviembre 2024,Tlaxcala,0,4,14,0,17
2024,Diciembre,Diciembre 2024,Tlaxcala,0,3,11,0,18
2025,Enero,Enero 2025,Tlaxcala,1,1,9,0,11
2025,Febrero,Febrero 2025,Tlaxcala,0,2,10,0,12
2025,Marzo,Marzo 2025,Tlaxcala,1,0,11,0,12
2025,Abril,Abril 2025,Tlaxcala,0,2,8,0,10
2025,Mayo,Mayo 2025,Tlaxcala,1,1,11,0,13
2025,Junio,Junio 2025,Tlaxcala,0,1,8,0,9
2025,Julio,Julio 2025,Tlaxcala,1,3,12,0,16
2024,Enero,Enero 2024,Veracruz de Ignacio de la Llave,7,73,56,21,157
2024,Febrero,Febrero 2024,Veracruz de Ignacio de la Llave,2,89,50,20,161
2024,Marzo,Marzo 2024,Veracruz de Ignacio de la Llave,3,100,69,31,203
2024,Abril,Abril 2024,Veracruz de Ignacio de la Llave,4,71,73,25,173
2024,Mayo,Mayo 2024,Veracruz de Ignacio de la Llave,9,102,65,26,202
2024,Junio,Junio 2024,Veracruz de Ignacio de la Llave,3,76,75,30,184
2024,Julio,Julio 2024,Veracruz de Ignacio de la Llave,4,69,79,16,168
2024,Agosto,Agosto 2024,Veracruz de Ignacio de la Llave,4,73,87,14,171
2024,Septiembre,Septiembre 2024,Veracruz de Ignacio de la Llave,3,75,87,17,156
2024,Octubre,Octubre 2024,Veracruz de Ignacio de la Llave,3,63,71,14,165
2024,Noviembre,Noviembre 2024,Veracruz de Ignacio de la Llave,3,59,73,14,158
2024,Diciembre,Diciembre 2024,Veracruz de Ignacio de la Llave,4,64,74,14,181
2025,Enero,Enero 2025,Veracruz de Ignacio de la Llave,1,82,54,21,158
2025,Febrero,Febrero 2025,Veracruz de Ignacio de la Llave,1,81,61,15,158
2025,Marzo,Marzo 2025,Veracruz de Ignacio de la Llave,2,91,75,28,196
2025,Abril,Abril 2025,Veracruz de Ignacio de la Llave,3,66,65,20,154
2025,Mayo,Mayo 2025,Veracruz de Ignacio de la Llave,2,100,63,31,196
2025,Junio,Junio 2025,Veracruz de Ignacio de la Llave,5,87,64,16,172
2025,Julio,Julio 2025,Veracruz de Ignacio de la Llave,3,87,82,20,192
2024,Enero,Enero 2024,Yucatán,0,6,4,10,20
2024,Febrero,Febrero 2024,Yucatán,0,11,3,6,20
2024,Marzo,Marzo 2024,Yucatán,1,12,4,8,25
2024,Abril,Abril 2024,Yucatán,1,8,4,3,16
2024,Mayo,Mayo 2024,Yucatán,1,15,5,8,29
2024,Junio,Junio 2024,Yucatán,1,12,1,8,22
2024,Julio,Julio 2024,Yucatán,0,19,5,14,38
2024,Agosto,Agosto 2024,Yucatán,0,19,4,13,41
2024,Septiembre,Septiembre 2024,Yucatán,0,17,4,12,36
2024,Octubre,Octubre 2024,Yucatán,0,19,5,14,37
2024,Noviembre,Noviembre 2024,Yucatán,0,17,4,12,43
2024,Diciembre,Diciembre 2024,Yucatán,0,18,4,15,37
2025,Enero,Enero 2025,Yucatán,0,8,2,3,13
2025,Febrero,Febrero 2025,Yucatán,0,5,2,4,11
2025,Marzo,Marzo 2025,Yucatán,2,27,1,5,35
2025,Abril,Abril 2025,Yucatán,1,8,0,2,11
2025,Mayo,Mayo 2025,Yucatán,0,7,6,5,18
2025,Junio,Junio 2025,Yucatán,1,10,1,0,12
2025,Julio,Julio 2025,Yucatán,0,9,3,0,12
2024,Enero,Enero 2024,Zacatecas,0,25,24,26,75
2024,Febrero,Febrero 2024,Zacatecas,1,28,33,35,97
2024,Marzo,Marzo 2024,Zacatecas,0,29,32,24,85
2024,Abril,Abril 2024,Zacatecas,2,23,31,34,90
2024,Mayo,Mayo 2024,Zacatecas,0,52,33,38,123
2024,Junio,Junio 2024,Zacatecas,0,31,39,38,108
2024,Julio,Julio 2024,Zacatecas,0,36,30,30,96
2024,Agosto,Agosto 2024,Zacatecas,0,33,32,32,106
2024,Septiembre,Septiembre 2024,Zacatecas,0,31,34,29,83
2024,Octubre,Octubre 2024,Zacatecas,0,36,26,29,97
2024,Noviembre,Noviembre 2024,Zacatecas,0,34,33,27,109
2024,Diciembre,Diciembre 2024,Zacatecas,0,32,30,27,87
2025,Enero,Enero 2025,Zacatecas,0,31,19,36,86
2025,Febrero,Febrero 2025,Zacatecas,0,20,17,26,63
2025,Marzo,Marzo 2025,Zacatecas,0,44,13,34,91
2025,Abril,Abril 2025,Zacatecas,0,34,13,27,74
2025,Mayo,Mayo 2025,Zacatecas,1,37,11,14,63
2025,Junio,Junio 2025,Zacatecas,0,35,10,23,68
2025,Julio,Julio 2025,Zacatecas,3,32,5,13,53
